{
  "images" : [
    {
      "idiom" : "universal",
      "filename" : "Sketch, Book, Drawing, Notebook, School, Education, Study@1x.png",
      "scale" : "1x"
    },
    {
      "idiom" : "universal",
      "filename" : "Sketch, Book, Drawing, Notebook, School, Education, Study@2x.png",
      "scale" : "2x"
    },
    {
      "idiom" : "universal",
      "filename" : "Sketch, Book, Drawing, Notebook, School, Education, Study@3x.png",
      "scale" : "3x"
    }
  ],
  "info" : {
    "version" : 1,
    "author" : "xcode"
  }
}